Time_Group,EAR
113.6,0.30640087833333335
113.7,0.293253106
113.8,0.2774263825
113.9,0.284940448
115.3,0.288306914
115.4,0.291729671
117.8,0.231195623
149.5,0.231195623
