Time_Group,EAR
207.5,0.253000754
207.6,0.258533913
208.3,0.258533913
208.4,0.259920542
220.3,0.2597325575
220.4,0.26634598200000004
220.6,0.26233960700000003
222.3,0.251531823
222.4,0.251537136
223.2,0.251537136
223.3,0.253951148
223.6,0.253047522
223.9,0.252143896
