Time_Group,EAR
694.1,0.33346105
728.0,0.33346105
728.1,0.329735748
728.2,0.3263386905
728.3,0.33878955050000004
728.6,0.34411486199999997
728.7,0.2591576035
728.8,0.277667984
728.9,0.31646224
729.0,0.316744233
729.1,0.316862443
729.2,0.325357236
729.4,0.3218052103333333
729.5,0.31646617266666666
729.6,0.32663345450000003
729.7,0.33086302633333337
729.8,0.3084926966666666
729.9,0.3063970055
730.0,0.2562226853333333
730.1,0.223614121
730.2,0.2914830706666667
