Time_Group,EAR
424.2,0.2616284935
424.3,0.2585078236666667
424.4,0.2684750123333333
424.5,0.2648971605
424.6,0.265880885
424.7,0.25919342333333334
424.8,0.27857472499999997
424.9,0.26008205733333334
425.0,0.27992752400000004
425.1,0.25292463666666665
425.3,0.258863214
425.4,0.260759806
425.6,0.3076605396666667
425.7,0.2618211675
425.8,0.251132593
425.9,0.257563551
426.7,0.28418740249999996
427.0,0.256149685
